query_name,data_name,ngraphs,tokens,n_patterns,n_graphs,n_total_objects,loading_time,indexing_time,materialise_time_collection,materialise_time_final,query_collect_node_match,query_collect_edge_match,generate_nested_morphisms,run_transform
data/test/einstein/einstein_query.txt,/home/giacomo/Scrivania/wonder_words/graphs/commonsenseqatrain,150,10,9,149,0,17.2763,2.45714,2.51119,1.12454,0.088779,0.174963,15.1668,8.47492
data/test/einstein/einstein_query.txt,/home/giacomo/Scrivania/wonder_words/graphs/commonsenseqatrain,150,10,9,149,0,9.56213,2.40094,2.61375,1.17185,0.083399,0.176188,16.3547,8.61968
data/test/einstein/einstein_query.txt,/home/giacomo/Scrivania/wonder_words/graphs/commonsenseqatrain,150,10,9,149,0,9.56753,2.72546,2.66103,1.20718,0.090362,0.221905,15.9903,8.65694
data/test/einstein/einstein_query.txt,/home/giacomo/Scrivania/wonder_words/graphs/commonsenseqatrain,150,10,9,149,0,9.39151,2.33377,2.56606,1.12824,0.086575,0.170718,15.3667,8.96757
data/test/einstein/einstein_query.txt,/home/giacomo/Scrivania/wonder_words/graphs/commonsenseqatrain,150,10,9,149,0,9.67494,2.32634,2.76967,1.21493,0.096414,0.180164,16.7526,9.04767
data/test/einstein/einstein_query.txt,/home/giacomo/Scrivania/wonder_words/graphs/commonsenseqatrain,150,10,9,149,0,9.70995,2.39675,3.07823,1.15927,0.083514,0.17367,15.3782,8.40155
data/test/einstein/einstein_query.txt,/home/giacomo/Scrivania/wonder_words/graphs/commonsenseqatrain,150,10,9,149,0,9.7548,2.33227,2.62776,1.12647,0.084066,0.173156,16.5577,8.59109
data/test/einstein/einstein_query.txt,/home/giacomo/Scrivania/wonder_words/graphs/commonsenseqatrain,150,10,9,149,0,9.46682,2.43202,2.79168,1.1233,0.085211,0.172373,15.7971,8.272
data/test/einstein/einstein_query.txt,/home/giacomo/Scrivania/wonder_words/graphs/commonsenseqatrain,150,10,9,149,0,9.49535,2.39948,2.53342,1.25187,0.117992,0.177918,15.5816,8.44696
data/test/einstein/einstein_query.txt,/home/giacomo/Scrivania/wonder_words/graphs/commonsenseqatrain,150,10,9,149,0,9.56845,2.40462,2.9989,1.13912,0.088039,0.173264,15.6143,8.47686
data/test/einstein/einstein_query.txt,/home/giacomo/Scrivania/wonder_words/graphs/commonsenseqatrain,150,10,9,149,0,9.62638,2.373,2.67695,1.19705,0.088316,0.181619,16.6237,9.22081
data/test/einstein/einstein_query.txt,/home/giacomo/Scrivania/wonder_words/graphs/commonsenseqatrain,150,10,9,149,0,9.69402,2.37156,2.88852,1.14474,0.086562,0.173794,15.5126,8.64067
data/test/einstein/einstein_query.txt,/home/giacomo/Scrivania/wonder_words/graphs/commonsenseqatrain,150,10,9,149,0,9.72005,2.38946,2.7991,1.23711,0.084682,0.184393,16.8192,9.18843
data/test/einstein/einstein_query.txt,/home/giacomo/Scrivania/wonder_words/graphs/commonsenseqatrain,150,10,9,149,0,9.98368,2.54429,2.53885,1.16744,0.104531,0.193264,15.8552,8.44978
data/test/einstein/einstein_query.txt,/home/giacomo/Scrivania/wonder_words/graphs/commonsenseqatrain,150,10,9,149,0,9.54733,2.49535,2.59316,1.12198,0.117717,0.176627,15.5107,8.75817
data/test/einstein/einstein_query.txt,/home/giacomo/Scrivania/wonder_words/graphs/commonsenseqatrain,150,10,9,149,0,9.40708,2.31822,2.47169,1.13949,0.084897,0.210245,15.3404,8.73517
data/test/einstein/einstein_query.txt,/home/giacomo/Scrivania/wonder_words/graphs/commonsenseqatrain,150,10,9,149,0,9.4353,2.43597,2.61399,1.14626,0.087103,0.181491,15.8273,8.41655
data/test/einstein/einstein_query.txt,/home/giacomo/Scrivania/wonder_words/graphs/commonsenseqatrain,150,10,9,149,0,9.77639,2.49085,2.45749,1.56964,0.083122,0.172721,15.3992,8.40301
data/test/einstein/einstein_query.txt,/home/giacomo/Scrivania/wonder_words/graphs/commonsenseqatrain,150,10,9,149,0,9.58443,2.4185,2.59231,1.13668,0.087285,0.205567,15.6154,8.51931
data/test/einstein/einstein_query.txt,/home/giacomo/Scrivania/wonder_words/graphs/commonsenseqatrain,150,10,9,149,0,9.33402,2.37493,2.64734,1.26481,0.089516,0.180555,16.5436,8.62983
data/test/einstein/einstein_query.txt,/home/giacomo/Scrivania/wonder_words/graphs/commonsenseqatrain,150,15,9,149,0,16.5835,4.77993,4.44656,1.67245,0.097118,0.2822,27.2975,14.8067
data/test/einstein/einstein_query.txt,/home/giacomo/Scrivania/wonder_words/graphs/commonsenseqatrain,150,15,9,149,0,16.685,3.84869,4.23767,1.58156,0.092444,0.269504,25.7605,13.978
data/test/einstein/einstein_query.txt,/home/giacomo/Scrivania/wonder_words/graphs/commonsenseqatrain,150,15,9,149,0,16.3413,3.84889,4.17961,1.56547,0.088411,0.26837,25.7346,13.5948
data/test/einstein/einstein_query.txt,/home/giacomo/Scrivania/wonder_words/graphs/commonsenseqatrain,150,15,9,149,0,16.5552,3.86395,4.28657,1.63643,0.092942,0.265183,25.544,14.2314
data/test/einstein/einstein_query.txt,/home/giacomo/Scrivania/wonder_words/graphs/commonsenseqatrain,150,15,9,149,0,16.4821,3.83859,4.23959,1.60129,0.090798,0.26327,25.8206,13.6825
data/test/einstein/einstein_query.txt,/home/giacomo/Scrivania/wonder_words/graphs/commonsenseqatrain,150,15,9,149,0,16.752,3.94354,4.22367,1.64497,0.092604,0.269369,25.601,13.8415
data/test/einstein/einstein_query.txt,/home/giacomo/Scrivania/wonder_words/graphs/commonsenseqatrain,150,15,9,149,0,16.349,3.89893,4.26562,1.56724,0.09213,0.262571,25.7122,13.9142
data/test/einstein/einstein_query.txt,/home/giacomo/Scrivania/wonder_words/graphs/commonsenseqatrain,150,15,9,149,0,16.8656,3.82422,4.27903,1.60207,0.09027,0.269212,26.4789,14.0728
data/test/einstein/einstein_query.txt,/home/giacomo/Scrivania/wonder_words/graphs/commonsenseqatrain,150,15,9,149,0,16.3655,3.81789,4.23278,1.61215,0.098467,0.268761,25.6349,13.8855
data/test/einstein/einstein_query.txt,/home/giacomo/Scrivania/wonder_words/graphs/commonsenseqatrain,150,15,9,149,0,16.4685,3.84816,4.2874,1.59627,0.088311,0.26106,26.4545,13.8959
data/test/einstein/einstein_query.txt,/home/giacomo/Scrivania/wonder_words/graphs/commonsenseqatrain,150,15,9,149,0,16.8388,3.94978,4.29181,1.61506,0.09694,0.283648,26.6379,14.2263
data/test/einstein/einstein_query.txt,/home/giacomo/Scrivania/wonder_words/graphs/commonsenseqatrain,150,15,9,149,0,16.4394,3.80496,4.25038,1.59012,0.094856,0.273661,26.9548,13.9656
data/test/einstein/einstein_query.txt,/home/giacomo/Scrivania/wonder_words/graphs/commonsenseqatrain,150,15,9,149,0,16.4805,3.82263,4.32016,1.64255,0.088917,0.260917,26.1312,13.9619
data/test/einstein/einstein_query.txt,/home/giacomo/Scrivania/wonder_words/graphs/commonsenseqatrain,150,15,9,149,0,16.3309,3.90525,4.32642,1.6249,0.095775,0.26597,25.9755,13.9874
data/test/einstein/einstein_query.txt,/home/giacomo/Scrivania/wonder_words/graphs/commonsenseqatrain,150,15,9,149,0,16.3702,3.85201,4.26236,1.62226,0.093114,0.265426,25.9098,13.9472
data/test/einstein/einstein_query.txt,/home/giacomo/Scrivania/wonder_words/graphs/commonsenseqatrain,150,15,9,149,0,16.2323,3.84729,4.23992,1.62902,0.105964,0.271376,26.2905,14.0298
data/test/einstein/einstein_query.txt,/home/giacomo/Scrivania/wonder_words/graphs/commonsenseqatrain,150,15,9,149,0,16.4038,3.92942,4.315,1.64326,0.095657,0.281127,26.7653,14.3875
data/test/einstein/einstein_query.txt,/home/giacomo/Scrivania/wonder_words/graphs/commonsenseqatrain,150,15,9,149,0,16.4202,3.91572,4.33369,1.68352,0.09208,0.269225,26.0604,14.0387
data/test/einstein/einstein_query.txt,/home/giacomo/Scrivania/wonder_words/graphs/commonsenseqatrain,150,15,9,149,0,16.26,3.79718,4.23723,1.59857,0.097955,0.279405,26.2649,14.092
data/test/einstein/einstein_query.txt,/home/giacomo/Scrivania/wonder_words/graphs/commonsenseqatrain,150,15,9,149,0,16.2736,3.79843,4.31869,1.60208,0.087707,0.262181,26.0483,13.7071
data/test/einstein/einstein_query.txt,/home/giacomo/Scrivania/wonder_words/graphs/commonsenseqatrain,150,18,9,149,0,20.6781,4.69497,5.36871,2.03433,0.093943,0.346113,31.8951,16.3918
data/test/einstein/einstein_query.txt,/home/giacomo/Scrivania/wonder_words/graphs/commonsenseqatrain,150,18,9,149,0,20.9514,4.73922,5.29743,1.98331,0.098211,0.3323,31.303,16.4331
data/test/einstein/einstein_query.txt,/home/giacomo/Scrivania/wonder_words/graphs/commonsenseqatrain,150,18,9,149,0,21.4488,4.58824,5.51079,2.03145,0.100416,0.339392,32.0101,16.4827
data/test/einstein/einstein_query.txt,/home/giacomo/Scrivania/wonder_words/graphs/commonsenseqatrain,150,18,9,149,0,20.8912,4.66892,5.37241,1.97621,0.097401,0.338592,31.6811,16.8654
data/test/einstein/einstein_query.txt,/home/giacomo/Scrivania/wonder_words/graphs/commonsenseqatrain,150,18,9,149,0,20.8314,4.70694,5.31881,1.93471,0.099618,0.338707,31.8857,16.645
data/test/einstein/einstein_query.txt,/home/giacomo/Scrivania/wonder_words/graphs/commonsenseqatrain,150,18,9,149,0,20.9533,4.57216,5.32879,1.98202,0.09708,0.326553,31.5192,16.3635
data/test/einstein/einstein_query.txt,/home/giacomo/Scrivania/wonder_words/graphs/commonsenseqatrain,150,18,9,149,0,20.7547,4.68453,5.42201,1.98795,0.104088,0.340966,32.0327,16.5393
data/test/einstein/einstein_query.txt,/home/giacomo/Scrivania/wonder_words/graphs/commonsenseqatrain,150,18,9,149,0,20.9185,4.58908,5.41216,1.94504,0.097996,0.331219,31.7367,16.4787
data/test/einstein/einstein_query.txt,/home/giacomo/Scrivania/wonder_words/graphs/commonsenseqatrain,150,18,9,149,0,20.8374,4.70711,5.3963,1.99811,0.098875,0.334156,32.1099,16.7206
data/test/einstein/einstein_query.txt,/home/giacomo/Scrivania/wonder_words/graphs/commonsenseqatrain,150,18,9,149,0,21.5211,5.03092,5.44427,2.06535,0.100586,0.353649,32.8289,16.8328
data/test/einstein/einstein_query.txt,/home/giacomo/Scrivania/wonder_words/graphs/commonsenseqatrain,150,18,9,149,0,21.0489,4.84269,5.4165,2.05989,0.103004,0.389077,32.5506,16.6796
data/test/einstein/einstein_query.txt,/home/giacomo/Scrivania/wonder_words/graphs/commonsenseqatrain,150,18,9,149,0,21.2884,4.82277,5.63107,2.17412,0.116218,0.386744,33.3495,17.1329
data/test/einstein/einstein_query.txt,/home/giacomo/Scrivania/wonder_words/graphs/commonsenseqatrain,150,18,9,149,0,21.0444,4.78962,5.50209,2.07428,0.107195,0.339403,31.9665,16.7722
data/test/einstein/einstein_query.txt,/home/giacomo/Scrivania/wonder_words/graphs/commonsenseqatrain,150,18,9,149,0,21.2565,4.68798,5.57877,1.95957,0.098888,0.342743,32.1512,16.5952
data/test/einstein/einstein_query.txt,/home/giacomo/Scrivania/wonder_words/graphs/commonsenseqatrain,150,18,9,149,0,21.1641,4.62522,5.33051,1.95398,0.098563,0.330994,31.7789,16.2827
data/test/einstein/einstein_query.txt,/home/giacomo/Scrivania/wonder_words/graphs/commonsenseqatrain,150,18,9,149,0,20.9355,4.65486,5.40307,2.02617,0.098868,0.331313,32.2144,16.6085
data/test/einstein/einstein_query.txt,/home/giacomo/Scrivania/wonder_words/graphs/commonsenseqatrain,150,18,9,149,0,20.907,4.61638,5.36675,2.02195,0.10219,0.339079,31.8262,16.4182
data/test/einstein/einstein_query.txt,/home/giacomo/Scrivania/wonder_words/graphs/commonsenseqatrain,150,18,9,149,0,20.779,4.59357,5.42126,2.0217,0.09987,0.342326,32.3021,16.6488
data/test/einstein/einstein_query.txt,/home/giacomo/Scrivania/wonder_words/graphs/commonsenseqatrain,150,18,9,149,0,21.0402,4.80189,5.29196,2.02508,0.101702,0.341648,32.0131,16.5302
data/test/einstein/einstein_query.txt,/home/giacomo/Scrivania/wonder_words/graphs/commonsenseqatrain,150,18,9,149,0,21.1457,4.88396,5.37061,2.15981,0.099136,0.350221,32.541,16.8789
data/test/einstein/einstein_query.txt,/home/giacomo/Scrivania/wonder_words/graphs/commonsenseqatrain,150,5,9,149,0,4.2802,1.17079,1.07744,1.13841,0.084931,0.088639,7.01913,4.08315
data/test/einstein/einstein_query.txt,/home/giacomo/Scrivania/wonder_words/graphs/commonsenseqatrain,150,5,9,149,0,4.41503,1.24848,1.39454,0.779883,0.081512,0.085142,6.98797,4.32341
data/test/einstein/einstein_query.txt,/home/giacomo/Scrivania/wonder_words/graphs/commonsenseqatrain,150,5,9,149,0,4.49779,1.2311,1.13731,0.747464,0.0811,0.084685,6.99042,4.33319
data/test/einstein/einstein_query.txt,/home/giacomo/Scrivania/wonder_words/graphs/commonsenseqatrain,150,5,9,149,0,4.42835,1.23663,1.11673,0.760869,0.080083,0.084686,6.89199,4.17917
data/test/einstein/einstein_query.txt,/home/giacomo/Scrivania/wonder_words/graphs/commonsenseqatrain,150,5,9,149,0,4.59666,1.22127,1.2047,0.752587,0.086752,0.086117,6.86037,4.04695
data/test/einstein/einstein_query.txt,/home/giacomo/Scrivania/wonder_words/graphs/commonsenseqatrain,150,5,9,149,0,4.44606,1.23985,1.16071,0.74206,0.081935,0.094623,7.1622,4.23326
data/test/einstein/einstein_query.txt,/home/giacomo/Scrivania/wonder_words/graphs/commonsenseqatrain,150,5,9,149,0,4.44568,1.32128,1.29206,0.755294,0.09159,0.087876,7.13448,4.13755
data/test/einstein/einstein_query.txt,/home/giacomo/Scrivania/wonder_words/graphs/commonsenseqatrain,150,5,9,149,0,4.58471,1.23717,1.17668,0.849917,0.082629,0.087006,7.05865,4.46708
data/test/einstein/einstein_query.txt,/home/giacomo/Scrivania/wonder_words/graphs/commonsenseqatrain,150,5,9,149,0,4.49006,1.21607,1.11974,0.777743,0.082632,0.089857,7.16765,4.19038
data/test/einstein/einstein_query.txt,/home/giacomo/Scrivania/wonder_words/graphs/commonsenseqatrain,150,5,9,149,0,4.60247,1.25076,1.16599,0.746526,0.10554,0.097276,7.13203,4.17187
data/test/einstein/einstein_query.txt,/home/giacomo/Scrivania/wonder_words/graphs/commonsenseqatrain,150,5,9,149,0,4.35691,1.20922,1.21488,0.809915,0.079192,0.083985,7.22496,4.41898
data/test/einstein/einstein_query.txt,/home/giacomo/Scrivania/wonder_words/graphs/commonsenseqatrain,150,5,9,149,0,4.51682,1.31637,1.14286,0.742104,0.081142,0.085087,6.87247,4.28898
data/test/einstein/einstein_query.txt,/home/giacomo/Scrivania/wonder_words/graphs/commonsenseqatrain,150,5,9,149,0,4.36449,1.15363,1.2265,0.840755,0.083153,0.087874,7.45193,4.42826
data/test/einstein/einstein_query.txt,/home/giacomo/Scrivania/wonder_words/graphs/commonsenseqatrain,150,5,9,149,0,4.43503,1.32107,1.12517,0.767016,0.080691,0.085693,6.99373,4.28048
data/test/einstein/einstein_query.txt,/home/giacomo/Scrivania/wonder_words/graphs/commonsenseqatrain,150,5,9,149,0,4.6009,1.1972,1.18215,0.770009,0.082618,0.087313,6.94867,4.10476
data/test/einstein/einstein_query.txt,/home/giacomo/Scrivania/wonder_words/graphs/commonsenseqatrain,150,5,9,149,0,4.43634,1.30367,1.19296,0.807352,0.092746,0.118236,7.25614,4.48929
data/test/einstein/einstein_query.txt,/home/giacomo/Scrivania/wonder_words/graphs/commonsenseqatrain,150,5,9,149,0,4.51977,1.20472,1.12225,0.752434,0.081698,0.085257,7.26847,4.27368
data/test/einstein/einstein_query.txt,/home/giacomo/Scrivania/wonder_words/graphs/commonsenseqatrain,150,5,9,149,0,4.27927,1.20401,1.19839,0.799564,0.087686,0.089725,7.46514,5.01057
data/test/einstein/einstein_query.txt,/home/giacomo/Scrivania/wonder_words/graphs/commonsenseqatrain,150,5,9,149,0,4.61097,1.32949,1.22139,0.76441,0.111932,0.117532,6.84339,4.0958
data/test/einstein/einstein_query.txt,/home/giacomo/Scrivania/wonder_words/graphs/commonsenseqatrain,150,5,9,149,0,4.44727,1.23595,1.54301,0.749403,0.078438,0.087381,6.79601,4.11513
data/test/einstein/einstein_query.txt,/home/giacomo/Scrivania/wonder_words/graphs/commonsenseqatrain,225,10,9,224,0,16.1145,3.42306,4.34315,1.7034,0.094751,0.258252,25.7247,13.0924
data/test/einstein/einstein_query.txt,/home/giacomo/Scrivania/wonder_words/graphs/commonsenseqatrain,225,10,9,224,0,16.1738,3.38529,4.23082,1.68763,0.095923,0.251372,23.7382,13.5247
data/test/einstein/einstein_query.txt,/home/giacomo/Scrivania/wonder_words/graphs/commonsenseqatrain,225,10,9,224,0,15.7983,3.38677,4.32099,1.7616,0.103546,0.265421,25.3148,13.8748
data/test/einstein/einstein_query.txt,/home/giacomo/Scrivania/wonder_words/graphs/commonsenseqatrain,225,10,9,224,0,16.6716,3.52875,4.2357,1.77824,0.094395,0.249584,23.9024,12.8696
data/test/einstein/einstein_query.txt,/home/giacomo/Scrivania/wonder_words/graphs/commonsenseqatrain,225,10,9,224,0,15.9033,3.55947,4.38267,1.76439,0.101232,0.281891,25.8774,13.7205
data/test/einstein/einstein_query.txt,/home/giacomo/Scrivania/wonder_words/graphs/commonsenseqatrain,225,10,9,224,0,16.1441,3.36252,4.19549,1.78093,0.092847,0.250578,23.8878,12.6643
data/test/einstein/einstein_query.txt,/home/giacomo/Scrivania/wonder_words/graphs/commonsenseqatrain,225,10,9,224,0,16.2534,3.4595,4.34215,1.76884,0.102878,0.275461,25.2334,14.3299
data/test/einstein/einstein_query.txt,/home/giacomo/Scrivania/wonder_words/graphs/commonsenseqatrain,225,10,9,224,0,16.3597,3.75932,4.38252,1.79351,0.104529,0.302973,25.9516,13.6197
data/test/einstein/einstein_query.txt,/home/giacomo/Scrivania/wonder_words/graphs/commonsenseqatrain,225,10,9,224,0,16.7568,3.80271,4.39974,1.86787,0.102277,0.314393,26.3872,14.3259
data/test/einstein/einstein_query.txt,/home/giacomo/Scrivania/wonder_words/graphs/commonsenseqatrain,225,10,9,224,0,16.299,3.59637,4.39474,1.77722,0.101984,0.278886,25.9042,14.0399
data/test/einstein/einstein_query.txt,/home/giacomo/Scrivania/wonder_words/graphs/commonsenseqatrain,225,10,9,224,0,16.7283,3.82411,4.44969,1.79318,0.110894,0.288045,26.2501,13.9333
data/test/einstein/einstein_query.txt,/home/giacomo/Scrivania/wonder_words/graphs/commonsenseqatrain,225,10,9,224,0,16.4759,3.6477,4.15978,1.70711,0.102946,0.278334,26.1661,12.6109
data/test/einstein/einstein_query.txt,/home/giacomo/Scrivania/wonder_words/graphs/commonsenseqatrain,225,10,9,224,0,16.6592,3.9479,4.42795,1.79039,0.104436,0.279847,26.2813,13.8273
data/test/einstein/einstein_query.txt,/home/giacomo/Scrivania/wonder_words/graphs/commonsenseqatrain,225,10,9,224,0,16.442,3.68204,4.41725,1.81882,0.100978,0.272326,26.1636,13.8808
data/test/einstein/einstein_query.txt,/home/giacomo/Scrivania/wonder_words/graphs/commonsenseqatrain,225,10,9,224,0,16.6947,3.89912,4.42751,1.79688,0.113574,0.276199,26.3541,13.9776
data/test/einstein/einstein_query.txt,/home/giacomo/Scrivania/wonder_words/graphs/commonsenseqatrain,225,10,9,224,0,16.4937,3.64499,4.32778,1.7218,0.102611,0.275928,24.3596,13.1165
data/test/einstein/einstein_query.txt,/home/giacomo/Scrivania/wonder_words/graphs/commonsenseqatrain,225,10,9,224,0,16.4866,3.69099,3.98899,1.61737,0.101858,0.277738,26.1217,13.7123
data/test/einstein/einstein_query.txt,/home/giacomo/Scrivania/wonder_words/graphs/commonsenseqatrain,225,10,9,224,0,16.0223,3.4235,4.45536,1.79911,0.102048,0.289181,25.8251,13.6833
data/test/einstein/einstein_query.txt,/home/giacomo/Scrivania/wonder_words/graphs/commonsenseqatrain,225,10,9,224,0,16.7685,3.7131,4.37921,1.74366,0.102556,0.276882,26.4683,13.8602
data/test/einstein/einstein_query.txt,/home/giacomo/Scrivania/wonder_words/graphs/commonsenseqatrain,225,10,9,224,0,16.3154,3.62944,4.42957,1.77891,0.102751,0.266571,25.7416,14.2469
data/test/einstein/einstein_query.txt,/home/giacomo/Scrivania/wonder_words/graphs/commonsenseqatrain,225,15,9,224,0,30.9214,6.22597,7.43933,2.7286,0.103949,0.46464,43.1144,22.4088
data/test/einstein/einstein_query.txt,/home/giacomo/Scrivania/wonder_words/graphs/commonsenseqatrain,225,15,9,224,0,28.3852,5.51643,7.06974,2.49151,0.101964,0.440613,39.1603,20.93
data/test/einstein/einstein_query.txt,/home/giacomo/Scrivania/wonder_words/graphs/commonsenseqatrain,225,15,9,224,0,28.7932,5.98721,7.30195,2.63299,0.107327,0.448819,42.9389,22.5176
data/test/einstein/einstein_query.txt,/home/giacomo/Scrivania/wonder_words/graphs/commonsenseqatrain,225,15,9,224,0,29.263,6.01751,7.427,2.67067,0.110735,0.457667,42.2439,22.2504
data/test/einstein/einstein_query.txt,/home/giacomo/Scrivania/wonder_words/graphs/commonsenseqatrain,225,15,9,224,0,28.396,5.52057,6.98751,2.51601,0.099135,0.421031,38.9825,20.3911
data/test/einstein/einstein_query.txt,/home/giacomo/Scrivania/wonder_words/graphs/commonsenseqatrain,225,15,9,224,0,28.8453,5.94214,7.37399,2.63897,0.107897,0.454879,42.387,22.392
data/test/einstein/einstein_query.txt,/home/giacomo/Scrivania/wonder_words/graphs/commonsenseqatrain,225,15,9,224,0,28.8925,5.6271,6.99096,2.62223,0.1048,0.438251,39.435,21.2958
data/test/einstein/einstein_query.txt,/home/giacomo/Scrivania/wonder_words/graphs/commonsenseqatrain,225,15,9,224,0,29.114,5.85632,7.20994,2.54365,0.108277,0.462936,41.0217,21.3627
data/test/einstein/einstein_query.txt,/home/giacomo/Scrivania/wonder_words/graphs/commonsenseqatrain,225,15,9,224,0,27.9334,5.4761,7.03806,2.53759,0.100572,0.423135,39.1416,20.9957
data/test/einstein/einstein_query.txt,/home/giacomo/Scrivania/wonder_words/graphs/commonsenseqatrain,225,15,9,224,0,28.5014,5.86553,7.35589,2.66841,0.106194,0.461579,42.2414,21.9823
data/test/einstein/einstein_query.txt,/home/giacomo/Scrivania/wonder_words/graphs/commonsenseqatrain,225,15,9,224,0,28.1614,5.55728,7.20316,2.58854,0.127015,0.431532,39.2372,20.9846
data/test/einstein/einstein_query.txt,/home/giacomo/Scrivania/wonder_words/graphs/commonsenseqatrain,225,15,9,224,0,28.3377,5.74961,7.25274,2.58318,0.105709,0.443585,41.4089,21.7633
data/test/einstein/einstein_query.txt,/home/giacomo/Scrivania/wonder_words/graphs/commonsenseqatrain,225,15,9,224,0,29.888,6.11265,7.31204,2.64094,0.10877,0.469077,42.9514,22.4435
data/test/einstein/einstein_query.txt,/home/giacomo/Scrivania/wonder_words/graphs/commonsenseqatrain,225,15,9,224,0,28.2286,5.43435,7.17969,2.54692,0.101211,0.427068,39.3677,21.046
data/test/einstein/einstein_query.txt,/home/giacomo/Scrivania/wonder_words/graphs/commonsenseqatrain,225,15,9,224,0,28.2763,5.67911,7.17108,2.52586,0.104158,0.450169,40.8754,21.86
data/test/einstein/einstein_query.txt,/home/giacomo/Scrivania/wonder_words/graphs/commonsenseqatrain,225,15,9,224,0,28.2122,5.52729,7.11906,2.55893,0.103198,0.459638,39.3397,21.0219
data/test/einstein/einstein_query.txt,/home/giacomo/Scrivania/wonder_words/graphs/commonsenseqatrain,225,15,9,224,0,28.4927,5.63725,7.1371,2.52421,0.106841,0.473611,40.8416,21.733
data/test/einstein/einstein_query.txt,/home/giacomo/Scrivania/wonder_words/graphs/commonsenseqatrain,225,15,9,224,0,30.1342,6.09578,7.33298,2.73169,0.110056,0.452656,43.2594,22.1201
data/test/einstein/einstein_query.txt,/home/giacomo/Scrivania/wonder_words/graphs/commonsenseqatrain,225,15,9,224,0,29.6652,6.029,7.3669,2.61514,0.108419,0.478837,42.3495,22.3491
data/test/einstein/einstein_query.txt,/home/giacomo/Scrivania/wonder_words/graphs/commonsenseqatrain,225,15,9,224,0,28.403,5.59561,7.05921,2.49181,0.103748,0.427989,39.4455,20.8989
data/test/einstein/einstein_query.txt,/home/giacomo/Scrivania/wonder_words/graphs/commonsenseqatrain,225,18,9,224,0,37.3936,7.37142,8.97986,3.23994,0.116599,0.559463,51.6456,26.532
data/test/einstein/einstein_query.txt,/home/giacomo/Scrivania/wonder_words/graphs/commonsenseqatrain,225,18,9,224,0,36.9042,7.04163,8.80393,3.12154,0.099076,0.540601,49.191,25.2579
data/test/einstein/einstein_query.txt,/home/giacomo/Scrivania/wonder_words/graphs/commonsenseqatrain,225,18,9,224,0,37.7652,7.39206,9.14093,3.25597,0.108721,0.565866,50.18,26.1125
data/test/einstein/einstein_query.txt,/home/giacomo/Scrivania/wonder_words/graphs/commonsenseqatrain,225,18,9,224,0,39.1207,7.58969,9.0308,3.27156,0.110587,0.574186,52.4187,26.3342
data/test/einstein/einstein_query.txt,/home/giacomo/Scrivania/wonder_words/graphs/commonsenseqatrain,225,18,9,224,0,39.6607,7.62857,9.0906,3.30235,0.113537,0.618496,53.3242,26.6045
data/test/einstein/einstein_query.txt,/home/giacomo/Scrivania/wonder_words/graphs/commonsenseqatrain,225,18,9,224,0,39.839,7.59908,8.6548,3.09964,0.11575,0.59255,48.9212,25.0109
data/test/einstein/einstein_query.txt,/home/giacomo/Scrivania/wonder_words/graphs/commonsenseqatrain,225,18,9,224,0,38.4757,7.66842,9.14903,3.29648,0.110483,0.56866,52.9656,26.6922
data/test/einstein/einstein_query.txt,/home/giacomo/Scrivania/wonder_words/graphs/commonsenseqatrain,225,18,9,224,0,37.718,7.05975,8.69376,3.05691,0.109641,0.544723,49.54,25.05
data/test/einstein/einstein_query.txt,/home/giacomo/Scrivania/wonder_words/graphs/commonsenseqatrain,225,18,9,224,0,38.4465,7.51215,9.49959,3.50366,0.109094,0.604156,52.7065,26.6244
data/test/einstein/einstein_query.txt,/home/giacomo/Scrivania/wonder_words/graphs/commonsenseqatrain,225,18,9,224,0,37.5448,7.28547,8.77819,3.10867,0.107543,0.557412,49.2755,25.0763
data/test/einstein/einstein_query.txt,/home/giacomo/Scrivania/wonder_words/graphs/commonsenseqatrain,225,18,9,224,0,38.1343,7.49447,9.071,3.27709,0.111616,0.567673,52.5911,26.5554
data/test/einstein/einstein_query.txt,/home/giacomo/Scrivania/wonder_words/graphs/commonsenseqatrain,225,18,9,224,0,37.4062,7.16232,8.72966,3.29365,0.100699,0.549387,50.7908,24.9853
data/test/einstein/einstein_query.txt,/home/giacomo/Scrivania/wonder_words/graphs/commonsenseqatrain,225,18,9,224,0,37.3304,7.3829,8.84261,3.20058,0.103768,0.565119,51.7855,26.1559
data/test/einstein/einstein_query.txt,/home/giacomo/Scrivania/wonder_words/graphs/commonsenseqatrain,225,18,9,224,0,37.8772,7.08722,8.7005,3.15413,0.102968,0.541963,49.7914,25.0547
data/test/einstein/einstein_query.txt,/home/giacomo/Scrivania/wonder_words/graphs/commonsenseqatrain,225,18,9,224,0,37.1773,7.28539,8.93172,3.22429,0.112356,0.567455,51.513,26.3768
data/test/einstein/einstein_query.txt,/home/giacomo/Scrivania/wonder_words/graphs/commonsenseqatrain,225,18,9,224,0,37.1317,7.05996,8.67292,3.23842,0.103938,0.627024,49.4083,25.0446
data/test/einstein/einstein_query.txt,/home/giacomo/Scrivania/wonder_words/graphs/commonsenseqatrain,225,18,9,224,0,38.74,7.63718,9.15122,3.34107,0.10668,0.589768,52.5796,26.3667
data/test/einstein/einstein_query.txt,/home/giacomo/Scrivania/wonder_words/graphs/commonsenseqatrain,225,18,9,224,0,38.0032,7.21686,8.76487,3.11787,0.105816,0.548367,51.3683,25.0318
data/test/einstein/einstein_query.txt,/home/giacomo/Scrivania/wonder_words/graphs/commonsenseqatrain,225,18,9,224,0,37.0056,7.09932,8.78122,3.117,0.108287,0.552205,50.0116,25.2792
data/test/einstein/einstein_query.txt,/home/giacomo/Scrivania/wonder_words/graphs/commonsenseqatrain,225,18,9,224,0,38.1968,7.3431,8.89889,3.19495,0.1063,0.569616,51.4762,25.8607
data/test/einstein/einstein_query.txt,/home/giacomo/Scrivania/wonder_words/graphs/commonsenseqatrain,225,5,9,224,0,7.05434,1.70403,1.8729,1.19596,0.080712,0.11739,11.4142,6.52037
data/test/einstein/einstein_query.txt,/home/giacomo/Scrivania/wonder_words/graphs/commonsenseqatrain,225,5,9,224,0,7.06316,1.67639,2.21273,1.25211,0.088194,0.134844,12.3248,7.05264
data/test/einstein/einstein_query.txt,/home/giacomo/Scrivania/wonder_words/graphs/commonsenseqatrain,225,5,9,224,0,7.08357,1.64364,1.99563,1.19881,0.089257,0.124284,11.6557,6.42157
data/test/einstein/einstein_query.txt,/home/giacomo/Scrivania/wonder_words/graphs/commonsenseqatrain,225,5,9,224,0,6.96124,1.64449,1.98283,1.8852,0.089465,0.12786,12.6763,6.9096
data/test/einstein/einstein_query.txt,/home/giacomo/Scrivania/wonder_words/graphs/commonsenseqatrain,225,5,9,224,0,7.05739,1.69335,1.86996,1.2468,0.085244,0.125931,12.7201,6.48092
data/test/einstein/einstein_query.txt,/home/giacomo/Scrivania/wonder_words/graphs/commonsenseqatrain,225,5,9,224,0,6.86631,1.77388,1.94181,1.20858,0.085886,0.148666,12.7291,6.48108
data/test/einstein/einstein_query.txt,/home/giacomo/Scrivania/wonder_words/graphs/commonsenseqatrain,225,5,9,224,0,6.91745,1.63273,1.90824,1.29078,0.088242,0.125032,12.2978,7.15088
data/test/einstein/einstein_query.txt,/home/giacomo/Scrivania/wonder_words/graphs/commonsenseqatrain,225,5,9,224,0,7.13853,1.63512,1.97076,1.22512,0.080658,0.122017,11.6539,7.08134
data/test/einstein/einstein_query.txt,/home/giacomo/Scrivania/wonder_words/graphs/commonsenseqatrain,225,5,9,224,0,6.87961,1.73384,1.9787,1.29772,0.114504,0.128267,12.6633,6.62168
data/test/einstein/einstein_query.txt,/home/giacomo/Scrivania/wonder_words/graphs/commonsenseqatrain,225,5,9,224,0,7.04384,1.6686,2.02168,1.27401,0.089096,0.13341,12.6026,6.84062
data/test/einstein/einstein_query.txt,/home/giacomo/Scrivania/wonder_words/graphs/commonsenseqatrain,225,5,9,224,0,7.16706,1.70462,1.88038,1.21916,0.087062,0.123625,11.9952,6.41274
data/test/einstein/einstein_query.txt,/home/giacomo/Scrivania/wonder_words/graphs/commonsenseqatrain,225,5,9,224,0,6.87755,1.62478,1.95342,1.75438,0.088688,0.130638,12.4709,6.95527
data/test/einstein/einstein_query.txt,/home/giacomo/Scrivania/wonder_words/graphs/commonsenseqatrain,225,5,9,224,0,7.09514,1.65662,1.96475,1.26842,0.129437,0.167107,12.7091,6.83375
data/test/einstein/einstein_query.txt,/home/giacomo/Scrivania/wonder_words/graphs/commonsenseqatrain,225,5,9,224,0,7.05529,1.70508,1.98846,1.32674,0.097684,0.138206,12.8047,7.62553
data/test/einstein/einstein_query.txt,/home/giacomo/Scrivania/wonder_words/graphs/commonsenseqatrain,225,5,9,224,0,7.15341,1.70095,1.97804,1.31614,0.093869,0.131736,13.1023,6.68026
data/test/einstein/einstein_query.txt,/home/giacomo/Scrivania/wonder_words/graphs/commonsenseqatrain,225,5,9,224,0,7.22949,1.76846,2.01841,1.31008,0.09544,0.138707,13.1588,7.24951
data/test/einstein/einstein_query.txt,/home/giacomo/Scrivania/wonder_words/graphs/commonsenseqatrain,225,5,9,224,0,7.26017,1.71592,2.03623,1.35049,0.093286,0.1312,12.683,7.26002
data/test/einstein/einstein_query.txt,/home/giacomo/Scrivania/wonder_words/graphs/commonsenseqatrain,225,5,9,224,0,7.30762,1.80743,2.062,1.32539,0.097519,0.136227,13.4548,7.10274
data/test/einstein/einstein_query.txt,/home/giacomo/Scrivania/wonder_words/graphs/commonsenseqatrain,225,5,9,224,0,7.15613,1.63646,1.83858,1.2558,0.084638,0.120141,11.6237,7.3493
data/test/einstein/einstein_query.txt,/home/giacomo/Scrivania/wonder_words/graphs/commonsenseqatrain,225,5,9,224,0,6.88808,1.65543,1.97703,1.31672,0.119134,0.135183,12.9867,6.88623
data/test/einstein/einstein_query.txt,/home/giacomo/Scrivania/wonder_words/graphs/commonsenseqatrain,300,10,9,299,0,23.7746,4.67683,6.21387,2.44456,0.109482,0.361674,32.6162,17.4642
data/test/einstein/einstein_query.txt,/home/giacomo/Scrivania/wonder_words/graphs/commonsenseqatrain,300,10,9,299,0,24.0049,4.89137,6.26836,2.58076,0.110868,0.371936,34.7856,18.573
data/test/einstein/einstein_query.txt,/home/giacomo/Scrivania/wonder_words/graphs/commonsenseqatrain,300,10,9,299,0,23.9723,4.57263,6.15999,2.46156,0.102201,0.360764,32.8886,17.5171
data/test/einstein/einstein_query.txt,/home/giacomo/Scrivania/wonder_words/graphs/commonsenseqatrain,300,10,9,299,0,24.0996,4.8677,6.30668,2.59587,0.106437,0.376532,34.5387,18.417
data/test/einstein/einstein_query.txt,/home/giacomo/Scrivania/wonder_words/graphs/commonsenseqatrain,300,10,9,299,0,23.9148,4.42479,6.25411,2.48412,0.107738,0.358029,32.7658,17.6684
data/test/einstein/einstein_query.txt,/home/giacomo/Scrivania/wonder_words/graphs/commonsenseqatrain,300,10,9,299,0,23.6889,4.69836,6.25991,2.57371,0.113379,0.391032,34.6099,18.4106
data/test/einstein/einstein_query.txt,/home/giacomo/Scrivania/wonder_words/graphs/commonsenseqatrain,300,10,9,299,0,23.9292,4.36149,5.96475,2.47237,0.105246,0.346427,32.2143,17.3156
data/test/einstein/einstein_query.txt,/home/giacomo/Scrivania/wonder_words/graphs/commonsenseqatrain,300,10,9,299,0,24.0409,4.6879,6.13662,2.54711,0.112511,0.370079,33.8573,17.7589
data/test/einstein/einstein_query.txt,/home/giacomo/Scrivania/wonder_words/graphs/commonsenseqatrain,300,10,9,299,0,23.8152,4.65356,6.3901,2.60433,0.112509,0.369323,34.2138,18.4286
data/test/einstein/einstein_query.txt,/home/giacomo/Scrivania/wonder_words/graphs/commonsenseqatrain,300,10,9,299,0,23.6187,4.52372,6.12416,2.52676,0.106234,0.366529,33.1149,17.9215
data/test/einstein/einstein_query.txt,/home/giacomo/Scrivania/wonder_words/graphs/commonsenseqatrain,300,10,9,299,0,23.8866,4.68049,6.29374,2.56056,0.114706,0.378084,34.7477,18.422
data/test/einstein/einstein_query.txt,/home/giacomo/Scrivania/wonder_words/graphs/commonsenseqatrain,300,10,9,299,0,23.9085,4.74005,6.30973,2.58937,0.107121,0.386328,33.5348,18.2964
data/test/einstein/einstein_query.txt,/home/giacomo/Scrivania/wonder_words/graphs/commonsenseqatrain,300,10,9,299,0,23.5225,4.45243,6.05767,2.50663,0.103143,0.363915,33.0455,17.5968
data/test/einstein/einstein_query.txt,/home/giacomo/Scrivania/wonder_words/graphs/commonsenseqatrain,300,10,9,299,0,23.6741,4.69772,6.28299,2.55636,0.109722,0.376646,34.1991,18.338
data/test/einstein/einstein_query.txt,/home/giacomo/Scrivania/wonder_words/graphs/commonsenseqatrain,300,10,9,299,0,23.8468,4.52835,6.01575,2.45033,0.105782,0.360696,33.0211,17.7046
data/test/einstein/einstein_query.txt,/home/giacomo/Scrivania/wonder_words/graphs/commonsenseqatrain,300,10,9,299,0,23.6642,4.68367,6.35348,2.72252,0.108405,0.370585,34.0629,19.8642
data/test/einstein/einstein_query.txt,/home/giacomo/Scrivania/wonder_words/graphs/commonsenseqatrain,300,10,9,299,0,25.4698,5.45101,6.7546,2.71803,0.127453,0.42053,39.5022,20.2676
data/test/einstein/einstein_query.txt,/home/giacomo/Scrivania/wonder_words/graphs/commonsenseqatrain,300,10,9,299,0,23.804,4.54183,6.07697,2.45206,0.10464,0.365947,32.9184,17.4268
data/test/einstein/einstein_query.txt,/home/giacomo/Scrivania/wonder_words/graphs/commonsenseqatrain,300,10,9,299,0,24.4041,4.89422,5.94104,2.45226,0.115896,0.40362,32.4141,16.867
data/test/einstein/einstein_query.txt,/home/giacomo/Scrivania/wonder_words/graphs/commonsenseqatrain,300,10,9,299,0,23.6134,4.53104,6.25797,2.44851,0.101692,0.358638,32.6043,17.6352
data/test/einstein/einstein_query.txt,/home/giacomo/Scrivania/wonder_words/graphs/commonsenseqatrain,300,15,9,299,0,43.1248,7.62265,9.76191,3.46121,0.103229,0.63535,54.6438,28.3965
data/test/einstein/einstein_query.txt,/home/giacomo/Scrivania/wonder_words/graphs/commonsenseqatrain,300,15,9,299,0,44.174,7.64963,9.99219,3.52268,0.105261,0.635674,53.6908,28.7407
data/test/einstein/einstein_query.txt,/home/giacomo/Scrivania/wonder_words/graphs/commonsenseqatrain,300,15,9,299,0,46.8056,8.23693,9.6633,3.37984,0.108677,0.670545,53.7708,27.2395
data/test/einstein/einstein_query.txt,/home/giacomo/Scrivania/wonder_words/graphs/commonsenseqatrain,300,15,9,299,0,44.7567,8.03303,9.50672,3.31785,0.110288,0.67313,54.2727,27.1898
data/test/einstein/einstein_query.txt,/home/giacomo/Scrivania/wonder_words/graphs/commonsenseqatrain,300,15,9,299,0,45.1284,8.04256,10.159,3.6511,0.105823,0.661946,58.1901,29.5793
data/test/einstein/einstein_query.txt,/home/giacomo/Scrivania/wonder_words/graphs/commonsenseqatrain,300,15,9,299,0,43.3024,7.47478,9.84443,3.44254,0.10831,0.623308,53.8928,28.3966
data/test/einstein/einstein_query.txt,/home/giacomo/Scrivania/wonder_words/graphs/commonsenseqatrain,300,15,9,299,0,44.0318,7.8095,10.0516,3.54565,0.1099,0.649418,58.6238,29.5229
data/test/einstein/einstein_query.txt,/home/giacomo/Scrivania/wonder_words/graphs/commonsenseqatrain,300,15,9,299,0,43.7861,7.57044,9.6895,3.45818,0.102435,0.628449,54.5352,28.0453
data/test/einstein/einstein_query.txt,/home/giacomo/Scrivania/wonder_words/graphs/commonsenseqatrain,300,15,9,299,0,44.7769,8.00456,10.0956,3.62084,0.110623,0.695906,58.4512,29.488
data/test/einstein/einstein_query.txt,/home/giacomo/Scrivania/wonder_words/graphs/commonsenseqatrain,300,15,9,299,0,43.9062,7.6297,9.61956,3.45259,0.101978,0.637814,54.0346,27.9084
data/test/einstein/einstein_query.txt,/home/giacomo/Scrivania/wonder_words/graphs/commonsenseqatrain,300,15,9,299,0,44.6192,8.01027,9.76322,3.4148,0.103923,0.710728,55.4364,28.105
data/test/einstein/einstein_query.txt,/home/giacomo/Scrivania/wonder_words/graphs/commonsenseqatrain,300,15,9,299,0,44.8156,7.5868,9.72147,3.39508,0.104887,0.643193,55.5533,28.1111
data/test/einstein/einstein_query.txt,/home/giacomo/Scrivania/wonder_words/graphs/commonsenseqatrain,300,15,9,299,0,45.0471,7.76747,9.79063,3.48832,0.103755,0.63857,55.7686,28.5768
data/test/einstein/einstein_query.txt,/home/giacomo/Scrivania/wonder_words/graphs/commonsenseqatrain,300,15,9,299,0,44.4419,7.64962,9.72684,3.5443,0.101578,0.700474,55.7569,28.0061
data/test/einstein/einstein_query.txt,/home/giacomo/Scrivania/wonder_words/graphs/commonsenseqatrain,300,15,9,299,0,45.0949,7.95688,9.91681,3.40275,0.103313,0.643344,55.9938,28.2774
data/test/einstein/einstein_query.txt,/home/giacomo/Scrivania/wonder_words/graphs/commonsenseqatrain,300,15,9,299,0,43.793,7.68086,10.0105,3.49998,0.107222,0.633694,54.089,28.6591
data/test/einstein/einstein_query.txt,/home/giacomo/Scrivania/wonder_words/graphs/commonsenseqatrain,300,15,9,299,0,45.4534,7.97685,10.9161,3.87497,0.109761,0.650966,56.3534,29.4025
data/test/einstein/einstein_query.txt,/home/giacomo/Scrivania/wonder_words/graphs/commonsenseqatrain,300,15,9,299,0,43.4233,7.67928,9.75589,3.44824,0.109136,0.646301,55.1739,28.2708
data/test/einstein/einstein_query.txt,/home/giacomo/Scrivania/wonder_words/graphs/commonsenseqatrain,300,15,9,299,0,45.5444,7.70733,9.89179,3.50081,0.107896,0.632312,55.6525,28.0073
data/test/einstein/einstein_query.txt,/home/giacomo/Scrivania/wonder_words/graphs/commonsenseqatrain,300,15,9,299,0,45.1918,7.80459,9.87195,3.43423,0.112398,0.65241,55.8242,28.4592
data/test/einstein/einstein_query.txt,/home/giacomo/Scrivania/wonder_words/graphs/commonsenseqatrain,300,18,9,299,0,59.216,9.69335,12.3772,4.34147,0.113141,1.0154,68.5069,34.0854
data/test/einstein/einstein_query.txt,/home/giacomo/Scrivania/wonder_words/graphs/commonsenseqatrain,300,18,9,299,0,58.0665,9.56634,12.0594,4.22676,0.108756,0.83246,67.5382,33.8182
data/test/einstein/einstein_query.txt,/home/giacomo/Scrivania/wonder_words/graphs/commonsenseqatrain,300,18,9,299,0,61.3577,9.94233,12.5615,4.42161,0.115831,0.838646,70.0847,34.8324
data/test/einstein/einstein_query.txt,/home/giacomo/Scrivania/wonder_words/graphs/commonsenseqatrain,300,18,9,299,0,58.4954,9.70139,12.0969,4.40828,0.111062,1.03623,68.7249,34.3656
data/test/einstein/einstein_query.txt,/home/giacomo/Scrivania/wonder_words/graphs/commonsenseqatrain,300,18,9,299,0,60.7705,9.69036,12.278,4.44011,0.113513,0.846697,69.6477,34.9068
data/test/einstein/einstein_query.txt,/home/giacomo/Scrivania/wonder_words/graphs/commonsenseqatrain,300,18,9,299,0,59.7179,9.64116,11.8633,4.28633,0.108203,0.845883,69.0268,33.9667
data/test/einstein/einstein_query.txt,/home/giacomo/Scrivania/wonder_words/graphs/commonsenseqatrain,300,18,9,299,0,60.7401,9.98039,12.3216,4.43866,0.111756,0.879926,69.5584,34.7195
data/test/einstein/einstein_query.txt,/home/giacomo/Scrivania/wonder_words/graphs/commonsenseqatrain,300,18,9,299,0,59.8872,9.61541,12.0584,4.29508,0.111742,0.83175,68.8604,33.8659
data/test/einstein/einstein_query.txt,/home/giacomo/Scrivania/wonder_words/graphs/commonsenseqatrain,300,18,9,299,0,59.6301,9.77405,12.2907,4.42771,0.114816,0.859173,68.7631,34.1066
data/test/einstein/einstein_query.txt,/home/giacomo/Scrivania/wonder_words/graphs/commonsenseqatrain,300,18,9,299,0,59.2807,9.58583,12.1359,4.2911,0.111747,1.22469,68.354,33.8962
data/test/einstein/einstein_query.txt,/home/giacomo/Scrivania/wonder_words/graphs/commonsenseqatrain,300,18,9,299,0,59.8079,9.85428,12.5928,4.40295,0.112228,0.85573,68.9354,34.4426
data/test/einstein/einstein_query.txt,/home/giacomo/Scrivania/wonder_words/graphs/commonsenseqatrain,300,18,9,299,0,59.6492,9.71449,12.0191,4.30859,0.108392,0.854367,68.5706,33.9579
data/test/einstein/einstein_query.txt,/home/giacomo/Scrivania/wonder_words/graphs/commonsenseqatrain,300,18,9,299,0,57.5661,9.50751,12.1998,4.32414,0.106321,0.859369,67.8224,33.678
data/test/einstein/einstein_query.txt,/home/giacomo/Scrivania/wonder_words/graphs/commonsenseqatrain,300,18,9,299,0,58.5668,9.58793,12.235,4.39092,0.111523,0.86423,67.7455,33.5809
data/test/einstein/einstein_query.txt,/home/giacomo/Scrivania/wonder_words/graphs/commonsenseqatrain,300,18,9,299,0,58.323,10.0856,12.2354,4.33106,0.113726,0.867851,68.0833,34.0809
data/test/einstein/einstein_query.txt,/home/giacomo/Scrivania/wonder_words/graphs/commonsenseqatrain,300,18,9,299,0,58.9187,9.52155,12.1217,4.36764,0.104567,0.836642,68.1819,33.5003
data/test/einstein/einstein_query.txt,/home/giacomo/Scrivania/wonder_words/graphs/commonsenseqatrain,300,18,9,299,0,61.7158,9.76086,12.3312,4.44061,0.132231,0.872836,69.9123,34.7756
data/test/einstein/einstein_query.txt,/home/giacomo/Scrivania/wonder_words/graphs/commonsenseqatrain,300,18,9,299,0,58.8663,9.58337,12.1637,4.41954,0.107433,0.855234,68.6732,34.3735
data/test/einstein/einstein_query.txt,/home/giacomo/Scrivania/wonder_words/graphs/commonsenseqatrain,300,18,9,299,0,59.1506,9.51525,12.1953,4.32666,0.107435,0.903653,67.8608,34.5543
data/test/einstein/einstein_query.txt,/home/giacomo/Scrivania/wonder_words/graphs/commonsenseqatrain,300,18,9,299,0,60.0521,9.76784,12.284,4.43136,0.109778,0.839317,69.4215,34.4693
data/test/einstein/einstein_query.txt,/home/giacomo/Scrivania/wonder_words/graphs/commonsenseqatrain,300,5,9,299,0,9.88408,2.21255,2.68541,1.78318,0.092176,0.185922,17.1193,8.75211
data/test/einstein/einstein_query.txt,/home/giacomo/Scrivania/wonder_words/graphs/commonsenseqatrain,300,5,9,299,0,10.0116,2.20548,2.57252,1.76165,0.096996,0.165656,16.1646,8.41122
data/test/einstein/einstein_query.txt,/home/giacomo/Scrivania/wonder_words/graphs/commonsenseqatrain,300,5,9,299,0,10.0475,2.28652,2.60431,1.73287,0.094614,0.173652,16.2914,9.19071
data/test/einstein/einstein_query.txt,/home/giacomo/Scrivania/wonder_words/graphs/commonsenseqatrain,300,5,9,299,0,9.69147,2.22943,2.65077,1.77492,0.09835,0.174068,17.4329,8.76314
data/test/einstein/einstein_query.txt,/home/giacomo/Scrivania/wonder_words/graphs/commonsenseqatrain,300,5,9,299,0,10.0705,2.24742,2.64145,1.69663,0.094451,0.166891,16.0373,8.31685
data/test/einstein/einstein_query.txt,/home/giacomo/Scrivania/wonder_words/graphs/commonsenseqatrain,300,5,9,299,0,9.98088,2.25444,2.70415,1.77629,0.097782,0.175553,17.1673,8.57517
data/test/einstein/einstein_query.txt,/home/giacomo/Scrivania/wonder_words/graphs/commonsenseqatrain,300,5,9,299,0,10.1021,2.21019,2.61848,1.89406,0.092108,0.1789,16.0868,8.8633
data/test/einstein/einstein_query.txt,/home/giacomo/Scrivania/wonder_words/graphs/commonsenseqatrain,300,5,9,299,0,10.3059,2.30829,2.639,1.75287,0.096048,0.177533,17.0305,8.9375
data/test/einstein/einstein_query.txt,/home/giacomo/Scrivania/wonder_words/graphs/commonsenseqatrain,300,5,9,299,0,9.96087,2.21349,2.6052,1.78865,0.097851,0.171741,16.5917,8.87016
data/test/einstein/einstein_query.txt,/home/giacomo/Scrivania/wonder_words/graphs/commonsenseqatrain,300,5,9,299,0,10.2617,2.30464,2.68763,1.77869,0.094605,0.175794,17.2793,8.75563
data/test/einstein/einstein_query.txt,/home/giacomo/Scrivania/wonder_words/graphs/commonsenseqatrain,300,5,9,299,0,10.184,2.21729,2.53201,1.73602,0.094741,0.171647,16.117,8.99392
data/test/einstein/einstein_query.txt,/home/giacomo/Scrivania/wonder_words/graphs/commonsenseqatrain,300,5,9,299,0,9.87606,2.1893,2.68703,2.63825,0.095264,0.173986,16.3085,8.84832
data/test/einstein/einstein_query.txt,/home/giacomo/Scrivania/wonder_words/graphs/commonsenseqatrain,300,5,9,299,0,9.99535,2.20504,2.69371,1.80855,0.092988,0.169043,16.8717,8.90277
data/test/einstein/einstein_query.txt,/home/giacomo/Scrivania/wonder_words/graphs/commonsenseqatrain,300,5,9,299,0,10.0987,2.194,2.59513,1.68791,0.09312,0.165755,16.4537,8.65287
data/test/einstein/einstein_query.txt,/home/giacomo/Scrivania/wonder_words/graphs/commonsenseqatrain,300,5,9,299,0,9.8985,2.20983,2.6517,1.79486,0.091948,0.169186,17.1993,8.79359
data/test/einstein/einstein_query.txt,/home/giacomo/Scrivania/wonder_words/graphs/commonsenseqatrain,300,5,9,299,0,9.98316,2.30402,2.54857,1.69948,0.096715,0.163902,15.9333,8.72983
data/test/einstein/einstein_query.txt,/home/giacomo/Scrivania/wonder_words/graphs/commonsenseqatrain,300,5,9,299,0,9.99183,2.38433,2.68951,1.73023,0.091461,0.167021,15.8088,8.63701
data/test/einstein/einstein_query.txt,/home/giacomo/Scrivania/wonder_words/graphs/commonsenseqatrain,300,5,9,299,0,9.81361,2.1884,2.63128,1.7587,0.09455,0.16798,16.6683,8.5697
data/test/einstein/einstein_query.txt,/home/giacomo/Scrivania/wonder_words/graphs/commonsenseqatrain,300,5,9,299,0,9.89219,2.28476,2.70652,1.7593,0.093007,0.16639,16.8709,8.76322
data/test/einstein/einstein_query.txt,/home/giacomo/Scrivania/wonder_words/graphs/commonsenseqatrain,300,5,9,299,0,9.90861,2.37365,2.64533,1.73432,0.095796,0.175043,16.6531,9.18848
data/test/einstein/einstein_query.txt,/home/giacomo/Scrivania/wonder_words/graphs/commonsenseqatrain,75,10,9,74,0,4.27529,1.28133,1.17292,1.09622,0.083974,0.115033,8.19831,4.76117
data/test/einstein/einstein_query.txt,/home/giacomo/Scrivania/wonder_words/graphs/commonsenseqatrain,75,10,9,74,0,4.26932,1.39226,1.18318,0.579231,0.085001,0.100045,8.22174,4.70712
data/test/einstein/einstein_query.txt,/home/giacomo/Scrivania/wonder_words/graphs/commonsenseqatrain,75,10,9,74,0,4.89943,1.39257,1.46253,0.591831,0.083521,0.096462,8.29766,4.74727
data/test/einstein/einstein_query.txt,/home/giacomo/Scrivania/wonder_words/graphs/commonsenseqatrain,75,10,9,74,0,4.56088,1.3696,1.14612,0.582002,0.080911,0.097815,8.28496,4.62714
data/test/einstein/einstein_query.txt,/home/giacomo/Scrivania/wonder_words/graphs/commonsenseqatrain,75,10,9,74,0,4.38052,1.30736,1.12967,0.563926,0.079187,0.09969,8.1327,4.3964
data/test/einstein/einstein_query.txt,/home/giacomo/Scrivania/wonder_words/graphs/commonsenseqatrain,75,10,9,74,0,4.33371,1.34185,1.2028,0.598551,0.090468,0.101138,8.25279,4.56538
data/test/einstein/einstein_query.txt,/home/giacomo/Scrivania/wonder_words/graphs/commonsenseqatrain,75,10,9,74,0,4.55808,1.34465,1.15222,0.591186,0.085173,0.103599,8.52155,4.61479
data/test/einstein/einstein_query.txt,/home/giacomo/Scrivania/wonder_words/graphs/commonsenseqatrain,75,10,9,74,0,4.37461,1.3003,1.11523,0.60444,0.076484,0.0947,8.10826,4.50781
data/test/einstein/einstein_query.txt,/home/giacomo/Scrivania/wonder_words/graphs/commonsenseqatrain,75,10,9,74,0,4.36778,1.32167,1.21251,0.591228,0.084621,0.100619,8.42281,4.92725
data/test/einstein/einstein_query.txt,/home/giacomo/Scrivania/wonder_words/graphs/commonsenseqatrain,75,10,9,74,0,4.38599,1.29907,1.16144,0.575242,0.079747,0.097393,8.31997,4.47036
data/test/einstein/einstein_query.txt,/home/giacomo/Scrivania/wonder_words/graphs/commonsenseqatrain,75,10,9,74,0,4.31607,1.3226,1.13591,0.581098,0.083556,0.102267,8.37555,4.81185
data/test/einstein/einstein_query.txt,/home/giacomo/Scrivania/wonder_words/graphs/commonsenseqatrain,75,10,9,74,0,4.41173,1.41185,1.26068,0.592282,0.081426,0.097447,8.34238,4.72411
data/test/einstein/einstein_query.txt,/home/giacomo/Scrivania/wonder_words/graphs/commonsenseqatrain,75,10,9,74,0,4.28726,1.34658,1.15734,0.593823,0.103623,0.108928,8.36999,4.64109
data/test/einstein/einstein_query.txt,/home/giacomo/Scrivania/wonder_words/graphs/commonsenseqatrain,75,10,9,74,0,4.48191,1.28075,1.13801,0.578166,0.078293,0.095908,8.11946,4.72748
data/test/einstein/einstein_query.txt,/home/giacomo/Scrivania/wonder_words/graphs/commonsenseqatrain,75,10,9,74,0,4.38001,1.28563,1.37104,0.591597,0.084926,0.100872,8.46291,4.69427
data/test/einstein/einstein_query.txt,/home/giacomo/Scrivania/wonder_words/graphs/commonsenseqatrain,75,10,9,74,0,4.31961,1.31262,1.13314,0.565986,0.080663,0.095574,8.11522,4.62249
data/test/einstein/einstein_query.txt,/home/giacomo/Scrivania/wonder_words/graphs/commonsenseqatrain,75,10,9,74,0,4.34268,1.34233,1.18254,0.564046,0.0983,0.104665,7.86463,4.41996
data/test/einstein/einstein_query.txt,/home/giacomo/Scrivania/wonder_words/graphs/commonsenseqatrain,75,10,9,74,0,4.3219,1.33073,1.21479,0.600748,0.084866,0.098769,8.72671,4.68388
data/test/einstein/einstein_query.txt,/home/giacomo/Scrivania/wonder_words/graphs/commonsenseqatrain,75,10,9,74,0,4.40324,1.29142,1.14829,0.606047,0.07814,0.096164,7.97577,4.44628
data/test/einstein/einstein_query.txt,/home/giacomo/Scrivania/wonder_words/graphs/commonsenseqatrain,75,10,9,74,0,4.33818,1.33346,1.18998,0.569895,0.083362,0.098507,8.11011,4.52456
data/test/einstein/einstein_query.txt,/home/giacomo/Scrivania/wonder_words/graphs/commonsenseqatrain,75,15,9,74,0,7.02581,2.12217,1.88257,0.812931,0.087033,0.153816,12.9694,7.4398
data/test/einstein/einstein_query.txt,/home/giacomo/Scrivania/wonder_words/graphs/commonsenseqatrain,75,15,9,74,0,7.01376,2.02809,1.98768,0.854059,0.086774,0.150038,13.4368,7.51089
data/test/einstein/einstein_query.txt,/home/giacomo/Scrivania/wonder_words/graphs/commonsenseqatrain,75,15,9,74,0,7.01425,2.05678,1.97845,0.844411,0.083009,0.147114,13.0323,7.60162
data/test/einstein/einstein_query.txt,/home/giacomo/Scrivania/wonder_words/graphs/commonsenseqatrain,75,15,9,74,0,6.9795,2.05161,2.06595,0.818048,0.082406,0.142549,12.8429,7.34117
data/test/einstein/einstein_query.txt,/home/giacomo/Scrivania/wonder_words/graphs/commonsenseqatrain,75,15,9,74,0,6.93961,2.08237,2.08894,0.854625,0.082723,0.15217,13.61,7.67171
data/test/einstein/einstein_query.txt,/home/giacomo/Scrivania/wonder_words/graphs/commonsenseqatrain,75,15,9,74,0,7.00318,2.01513,2.05679,0.825614,0.084272,0.143668,13.3913,7.27885
data/test/einstein/einstein_query.txt,/home/giacomo/Scrivania/wonder_words/graphs/commonsenseqatrain,75,15,9,74,0,7.02358,2.01438,2.04903,0.867542,0.083196,0.145641,13.0491,7.25414
data/test/einstein/einstein_query.txt,/home/giacomo/Scrivania/wonder_words/graphs/commonsenseqatrain,75,15,9,74,0,7.00999,2.04401,1.97602,0.81501,0.084717,0.145841,12.8413,7.19507
data/test/einstein/einstein_query.txt,/home/giacomo/Scrivania/wonder_words/graphs/commonsenseqatrain,75,15,9,74,0,6.95229,2.1171,2.21085,0.867573,0.098405,0.173017,13.7563,7.54845
data/test/einstein/einstein_query.txt,/home/giacomo/Scrivania/wonder_words/graphs/commonsenseqatrain,75,15,9,74,0,7.1063,2.04791,2.03266,0.839353,0.148729,0.145855,13.6172,7.40059
data/test/einstein/einstein_query.txt,/home/giacomo/Scrivania/wonder_words/graphs/commonsenseqatrain,75,15,9,74,0,6.91683,2.00014,2.00208,0.944576,0.087262,0.145784,12.6139,7.20958
data/test/einstein/einstein_query.txt,/home/giacomo/Scrivania/wonder_words/graphs/commonsenseqatrain,75,15,9,74,0,6.86228,2.00551,2.24201,0.854369,0.088293,0.152804,13.5937,7.67448
data/test/einstein/einstein_query.txt,/home/giacomo/Scrivania/wonder_words/graphs/commonsenseqatrain,75,15,9,74,0,6.82355,2.15223,2.01411,0.871548,0.100327,0.145624,13.2075,7.37756
data/test/einstein/einstein_query.txt,/home/giacomo/Scrivania/wonder_words/graphs/commonsenseqatrain,75,15,9,74,0,6.87322,2.01325,1.96952,0.858666,0.08423,0.152064,13.5712,7.71018
data/test/einstein/einstein_query.txt,/home/giacomo/Scrivania/wonder_words/graphs/commonsenseqatrain,75,15,9,74,0,7.08662,2.17455,2.26465,0.840934,0.079656,0.145889,13.3844,7.39396
data/test/einstein/einstein_query.txt,/home/giacomo/Scrivania/wonder_words/graphs/commonsenseqatrain,75,15,9,74,0,6.9306,2.07628,1.99591,0.861282,0.086867,0.154711,13.7211,7.55698
data/test/einstein/einstein_query.txt,/home/giacomo/Scrivania/wonder_words/graphs/commonsenseqatrain,75,15,9,74,0,7.1972,2.11891,1.98746,0.850239,0.083538,0.151726,13.1292,7.46088
data/test/einstein/einstein_query.txt,/home/giacomo/Scrivania/wonder_words/graphs/commonsenseqatrain,75,15,9,74,0,6.87031,2.04499,1.97729,1.09457,0.086483,0.152907,13.5892,7.42661
data/test/einstein/einstein_query.txt,/home/giacomo/Scrivania/wonder_words/graphs/commonsenseqatrain,75,15,9,74,0,6.91638,1.96179,1.89912,0.842304,0.081747,0.145951,12.8641,7.55821
data/test/einstein/einstein_query.txt,/home/giacomo/Scrivania/wonder_words/graphs/commonsenseqatrain,75,15,9,74,0,6.9147,2.05321,1.97256,0.870501,0.094324,0.150795,13.8456,7.49498
data/test/einstein/einstein_query.txt,/home/giacomo/Scrivania/wonder_words/graphs/commonsenseqatrain,75,18,9,74,0,8.85531,2.40752,2.53872,1.02721,0.08331,0.175198,14.9676,8.92067
data/test/einstein/einstein_query.txt,/home/giacomo/Scrivania/wonder_words/graphs/commonsenseqatrain,75,18,9,74,0,8.58038,2.51257,2.69127,1.14997,0.085433,0.182821,15.627,8.88321
data/test/einstein/einstein_query.txt,/home/giacomo/Scrivania/wonder_words/graphs/commonsenseqatrain,75,18,9,74,0,8.64284,2.44493,2.53438,1.07953,0.084751,0.168565,15.1261,8.96775
data/test/einstein/einstein_query.txt,/home/giacomo/Scrivania/wonder_words/graphs/commonsenseqatrain,75,18,9,74,0,9.07205,2.75687,2.55215,1.04522,0.092592,0.190312,16.1992,9.16095
data/test/einstein/einstein_query.txt,/home/giacomo/Scrivania/wonder_words/graphs/commonsenseqatrain,75,18,9,74,0,8.63621,2.4338,2.49166,1.02913,0.096813,0.184636,15.0667,8.59868
data/test/einstein/einstein_query.txt,/home/giacomo/Scrivania/wonder_words/graphs/commonsenseqatrain,75,18,9,74,0,8.48627,2.65662,2.36017,1.01279,0.083939,0.169998,14.8306,8.68022
data/test/einstein/einstein_query.txt,/home/giacomo/Scrivania/wonder_words/graphs/commonsenseqatrain,75,18,9,74,0,8.56714,2.44546,2.54741,1.07907,0.085734,0.179128,15.7313,8.798
data/test/einstein/einstein_query.txt,/home/giacomo/Scrivania/wonder_words/graphs/commonsenseqatrain,75,18,9,74,0,8.6844,2.50206,2.42661,1.06526,0.086445,0.174485,15.391,8.50418
data/test/einstein/einstein_query.txt,/home/giacomo/Scrivania/wonder_words/graphs/commonsenseqatrain,75,18,9,74,0,8.55597,2.47066,2.49779,1.02931,0.101512,0.182087,15.615,9.07095
data/test/einstein/einstein_query.txt,/home/giacomo/Scrivania/wonder_words/graphs/commonsenseqatrain,75,18,9,74,0,8.69476,2.49274,2.5049,1.02654,0.089727,0.174658,15.4426,8.54317
data/test/einstein/einstein_query.txt,/home/giacomo/Scrivania/wonder_words/graphs/commonsenseqatrain,75,18,9,74,0,8.63563,2.46499,2.55855,1.04003,0.09409,0.184941,15.4044,9.10522
data/test/einstein/einstein_query.txt,/home/giacomo/Scrivania/wonder_words/graphs/commonsenseqatrain,75,18,9,74,0,8.69401,2.52313,2.42355,1.02462,0.088421,0.17495,15.3534,8.37878
data/test/einstein/einstein_query.txt,/home/giacomo/Scrivania/wonder_words/graphs/commonsenseqatrain,75,18,9,74,0,8.49464,2.41067,2.60375,1.10534,0.117039,0.180833,15.6294,9.31371
data/test/einstein/einstein_query.txt,/home/giacomo/Scrivania/wonder_words/graphs/commonsenseqatrain,75,18,9,74,0,8.73959,2.52905,2.47453,1.06835,0.084728,0.171221,15.2829,8.89576
data/test/einstein/einstein_query.txt,/home/giacomo/Scrivania/wonder_words/graphs/commonsenseqatrain,75,18,9,74,0,8.57495,2.49297,2.55167,1.08191,0.091336,0.205525,15.7404,8.82023
data/test/einstein/einstein_query.txt,/home/giacomo/Scrivania/wonder_words/graphs/commonsenseqatrain,75,18,9,74,0,8.62288,2.47249,2.48611,1.04908,0.085845,0.177747,15.2921,8.69435
data/test/einstein/einstein_query.txt,/home/giacomo/Scrivania/wonder_words/graphs/commonsenseqatrain,75,18,9,74,0,8.53209,2.45798,2.58437,1.05362,0.089647,0.179091,15.8293,9.08983
data/test/einstein/einstein_query.txt,/home/giacomo/Scrivania/wonder_words/graphs/commonsenseqatrain,75,18,9,74,0,8.67836,2.57333,2.5239,1.05598,0.088647,0.174338,15.2408,9.10437
data/test/einstein/einstein_query.txt,/home/giacomo/Scrivania/wonder_words/graphs/commonsenseqatrain,75,18,9,74,0,8.79586,2.40554,2.40698,1.01563,0.081868,0.169196,14.5202,8.55296
data/test/einstein/einstein_query.txt,/home/giacomo/Scrivania/wonder_words/graphs/commonsenseqatrain,75,18,9,74,0,8.43792,2.42109,2.69563,1.02642,0.087132,0.174213,15.3891,8.55955
data/test/einstein/einstein_query.txt,/home/giacomo/Scrivania/wonder_words/graphs/commonsenseqatrain,75,5,9,74,0,2.14403,0.665475,0.494613,0.413714,0.074385,0.04673,3.53941,2.1902
data/test/einstein/einstein_query.txt,/home/giacomo/Scrivania/wonder_words/graphs/commonsenseqatrain,75,5,9,74,0,2.09381,0.716759,0.55054,0.43051,0.081431,0.050829,3.78277,2.42811
data/test/einstein/einstein_query.txt,/home/giacomo/Scrivania/wonder_words/graphs/commonsenseqatrain,75,5,9,74,0,2.10659,0.751309,0.520491,0.410562,0.07596,0.048097,3.55838,2.2275
data/test/einstein/einstein_query.txt,/home/giacomo/Scrivania/wonder_words/graphs/commonsenseqatrain,75,5,9,74,0,2.07608,0.684344,0.581055,0.463057,0.078373,0.049475,3.65009,2.34143
data/test/einstein/einstein_query.txt,/home/giacomo/Scrivania/wonder_words/graphs/commonsenseqatrain,75,5,9,74,0,2.04643,0.672367,0.532938,0.421079,0.075958,0.049156,3.64835,2.4582
data/test/einstein/einstein_query.txt,/home/giacomo/Scrivania/wonder_words/graphs/commonsenseqatrain,75,5,9,74,0,2.12562,0.691301,0.545918,0.437373,0.078186,0.048499,3.66564,2.30852
data/test/einstein/einstein_query.txt,/home/giacomo/Scrivania/wonder_words/graphs/commonsenseqatrain,75,5,9,74,0,2.06673,0.675209,0.519747,0.404989,0.075244,0.04805,3.5744,2.24454
data/test/einstein/einstein_query.txt,/home/giacomo/Scrivania/wonder_words/graphs/commonsenseqatrain,75,5,9,74,0,2.10827,0.682545,0.559438,0.413171,0.078182,0.046846,3.5523,2.22949
data/test/einstein/einstein_query.txt,/home/giacomo/Scrivania/wonder_words/graphs/commonsenseqatrain,75,5,9,74,0,2.09591,0.684611,0.540628,0.404778,0.075337,0.04858,3.53458,2.18355
data/test/einstein/einstein_query.txt,/home/giacomo/Scrivania/wonder_words/graphs/commonsenseqatrain,75,5,9,74,0,2.16415,0.700861,0.508699,0.409738,0.092769,0.054964,3.58209,2.25363
data/test/einstein/einstein_query.txt,/home/giacomo/Scrivania/wonder_words/graphs/commonsenseqatrain,75,5,9,74,0,2.20132,0.827636,0.523254,0.412131,0.079337,0.050263,3.5974,2.27534
data/test/einstein/einstein_query.txt,/home/giacomo/Scrivania/wonder_words/graphs/commonsenseqatrain,75,5,9,74,0,2.09861,0.678325,0.553678,0.429115,0.079329,0.050087,3.73873,2.39146
data/test/einstein/einstein_query.txt,/home/giacomo/Scrivania/wonder_words/graphs/commonsenseqatrain,75,5,9,74,0,2.15527,0.7257,0.515225,0.402629,0.078589,0.057977,3.58801,2.24808
data/test/einstein/einstein_query.txt,/home/giacomo/Scrivania/wonder_words/graphs/commonsenseqatrain,75,5,9,74,0,2.02597,0.676058,0.534263,0.423799,0.074505,0.047973,3.6415,2.38478
data/test/einstein/einstein_query.txt,/home/giacomo/Scrivania/wonder_words/graphs/commonsenseqatrain,75,5,9,74,0,2.19143,0.677761,0.516813,0.406477,0.078937,0.050684,3.59548,2.26707
data/test/einstein/einstein_query.txt,/home/giacomo/Scrivania/wonder_words/graphs/commonsenseqatrain,75,5,9,74,0,2.05605,0.680586,0.554288,0.431477,0.080342,0.051726,3.85663,2.49101
data/test/einstein/einstein_query.txt,/home/giacomo/Scrivania/wonder_words/graphs/commonsenseqatrain,75,5,9,74,0,2.16893,0.682233,0.539788,0.424955,0.077551,0.053069,3.64689,2.32129
data/test/einstein/einstein_query.txt,/home/giacomo/Scrivania/wonder_words/graphs/commonsenseqatrain,75,5,9,74,0,2.09544,0.698413,0.687616,0.563994,0.077157,0.048742,3.79258,2.44977
data/test/einstein/einstein_query.txt,/home/giacomo/Scrivania/wonder_words/graphs/commonsenseqatrain,75,5,9,74,0,2.16442,0.707125,0.518905,0.412847,0.095384,0.050157,3.57325,2.27202
data/test/einstein/einstein_query.txt,/home/giacomo/Scrivania/wonder_words/graphs/commonsenseqatrain,75,5,9,74,0,2.07907,0.701443,0.541812,0.483063,0.077583,0.04875,3.63514,2.29189
